<?xml version="1.0" encoding="UTF-8"?><?xml-stylesheet type='text/xsl' href='_UpgradeReport_Files/UpgradeReport.xslt'?><UpgradeLog>
<Properties><Property Name="Solution" Value="ROXY">
</Property><Property Name="Solution File" Value="C:\Users\stuckman.de\Documents\RAID\ROXY.sln">
</Property><Property Name="User Options File" Value="C:\Users\stuckman.de\Documents\RAID\ROXY.suo">
</Property><Property Name="Date" Value="Thursday, March 13, 2014">
</Property><Property Name="Time" Value="11:31 AM">
</Property></Properties><Event ErrorLevel="0" Project="" Source="ROXY.sln" Description="File successfully backed up as C:\Users\stuckman.de\Documents\RAID\Backup\ROXY.sln">
</Event><Event ErrorLevel="0" Project="" Source="ROXY.suo" Description="File successfully backed up as C:\Users\stuckman.de\Documents\RAID\Backup\ROXY.suo">
</Event><Event ErrorLevel="0" Project="RAID" Source="RAID.vbproj" Description="Project file successfully backed up as C:\Users\stuckman.de\Documents\RAID\Backup\RAID.vbproj">
</Event><Event ErrorLevel="0" Project="RAID" Source="RAID.vbproj.user" Description="Project user file successfully backed up as C:\Users\stuckman.de\Documents\RAID\Backup\RAID.vbproj.user">
</Event><Event ErrorLevel="0" Project="RAID" Source="AboutBox1.Designer.vb" Description="File successfully backed up as C:\Users\stuckman.de\Documents\RAID\Backup\AboutBox1.Designer.vb">
</Event><Event ErrorLevel="0" Project="RAID" Source="AboutBox1.vb" Description="File successfully backed up as C:\Users\stuckman.de\Documents\RAID\Backup\AboutBox1.vb">
</Event><Event ErrorLevel="0" Project="RAID" Source="ApplicationEvents.vb" Description="File successfully backed up as C:\Users\stuckman.de\Documents\RAID\Backup\ApplicationEvents.vb">
</Event><Event ErrorLevel="0" Project="RAID" Source="DatabaseConnections.vb" Description="File successfully backed up as C:\Users\stuckman.de\Documents\RAID\Backup\DatabaseConnections.vb">
</Event><Event ErrorLevel="0" Project="RAID" Source="Declarations.vb" Description="File successfully backed up as C:\Users\stuckman.de\Documents\RAID\Backup\Declarations.vb">
</Event><Event ErrorLevel="0" Project="RAID" Source="frmXMLEditor.Designer.vb" Description="File successfully backed up as C:\Users\stuckman.de\Documents\RAID\Backup\frmXMLEditor.Designer.vb">
</Event><Event ErrorLevel="0" Project="RAID" Source="frmXMLEditor.vb" Description="File successfully backed up as C:\Users\stuckman.de\Documents\RAID\Backup\frmXMLEditor.vb">
</Event><Event ErrorLevel="0" Project="RAID" Source="frmHelp.Designer.vb" Description="File successfully backed up as C:\Users\stuckman.de\Documents\RAID\Backup\frmHelp.Designer.vb">
</Event><Event ErrorLevel="0" Project="RAID" Source="frmHelp.vb" Description="File successfully backed up as C:\Users\stuckman.de\Documents\RAID\Backup\frmHelp.vb">
</Event><Event ErrorLevel="0" Project="RAID" Source="frmLoginDB.Designer.vb" Description="File successfully backed up as C:\Users\stuckman.de\Documents\RAID\Backup\frmLoginDB.Designer.vb">
</Event><Event ErrorLevel="0" Project="RAID" Source="frmLoginDB.vb" Description="File successfully backed up as C:\Users\stuckman.de\Documents\RAID\Backup\frmLoginDB.vb">
</Event><Event ErrorLevel="0" Project="RAID" Source="frmConfig.Designer.vb" Description="File successfully backed up as C:\Users\stuckman.de\Documents\RAID\Backup\frmConfig.Designer.vb">
</Event><Event ErrorLevel="0" Project="RAID" Source="frmConfig.vb" Description="File successfully backed up as C:\Users\stuckman.de\Documents\RAID\Backup\frmConfig.vb">
</Event><Event ErrorLevel="0" Project="RAID" Source="ini.vb" Description="File successfully backed up as C:\Users\stuckman.de\Documents\RAID\Backup\ini.vb">
</Event><Event ErrorLevel="0" Project="RAID" Source="Main.vb" Description="File successfully backed up as C:\Users\stuckman.de\Documents\RAID\Backup\Main.vb">
</Event><Event ErrorLevel="0" Project="RAID" Source="Main.Designer.vb" Description="File successfully backed up as C:\Users\stuckman.de\Documents\RAID\Backup\Main.Designer.vb">
</Event><Event ErrorLevel="0" Project="RAID" Source="modMsgOutbound.vb" Description="File successfully backed up as C:\Users\stuckman.de\Documents\RAID\Backup\modMsgOutbound.vb">
</Event><Event ErrorLevel="0" Project="RAID" Source="modMsgInbound.vb" Description="File successfully backed up as C:\Users\stuckman.de\Documents\RAID\Backup\modMsgInbound.vb">
</Event><Event ErrorLevel="0" Project="RAID" Source="modSocketInterface.vb" Description="File successfully backed up as C:\Users\stuckman.de\Documents\RAID\Backup\modSocketInterface.vb">
</Event><Event ErrorLevel="0" Project="RAID" Source="modApplicationDefinitions.vb" Description="File successfully backed up as C:\Users\stuckman.de\Documents\RAID\Backup\modApplicationDefinitions.vb">
</Event><Event ErrorLevel="0" Project="RAID" Source="My Project\AssemblyInfo.vb" Description="File successfully backed up as C:\Users\stuckman.de\Documents\RAID\Backup\My Project\AssemblyInfo.vb">
</Event><Event ErrorLevel="0" Project="RAID" Source="My Project\Application.Designer.vb" Description="File successfully backed up as C:\Users\stuckman.de\Documents\RAID\Backup\My Project\Application.Designer.vb">
</Event><Event ErrorLevel="0" Project="RAID" Source="My Project\Resources.Designer.vb" Description="File successfully backed up as C:\Users\stuckman.de\Documents\RAID\Backup\My Project\Resources.Designer.vb">
</Event><Event ErrorLevel="0" Project="RAID" Source="My Project\Settings.Designer.vb" Description="File successfully backed up as C:\Users\stuckman.de\Documents\RAID\Backup\My Project\Settings.Designer.vb">
</Event><Event ErrorLevel="0" Project="RAID" Source="app.config" Description="File successfully backed up as C:\Users\stuckman.de\Documents\RAID\Backup\app.config">
</Event><Event ErrorLevel="0" Project="RAID" Source="My Project\Application.myapp" Description="File successfully backed up as C:\Users\stuckman.de\Documents\RAID\Backup\My Project\Application.myapp">
</Event><Event ErrorLevel="0" Project="RAID" Source="My Project\Settings.settings" Description="File successfully backed up as C:\Users\stuckman.de\Documents\RAID\Backup\My Project\Settings.settings">
</Event><Event ErrorLevel="2" Project="RAID" Source="pblemu.ico" Description="Failed to backup file as C:\Users\stuckman.de\Documents\RAID\Backup\pblemu.ico">
</Event><Event ErrorLevel="0" Project="RAID" Source="raid.ico" Description="File successfully backed up as C:\Users\stuckman.de\Documents\RAID\Backup\raid.ico">
</Event><Event ErrorLevel="0" Project="RAID" Source="AboutBox1.resx" Description="File successfully backed up as C:\Users\stuckman.de\Documents\RAID\Backup\AboutBox1.resx">
</Event><Event ErrorLevel="0" Project="RAID" Source="frmXMLEditor.resx" Description="File successfully backed up as C:\Users\stuckman.de\Documents\RAID\Backup\frmXMLEditor.resx">
</Event><Event ErrorLevel="0" Project="RAID" Source="frmHelp.resx" Description="File successfully backed up as C:\Users\stuckman.de\Documents\RAID\Backup\frmHelp.resx">
</Event><Event ErrorLevel="0" Project="RAID" Source="frmLoginDB.resx" Description="File successfully backed up as C:\Users\stuckman.de\Documents\RAID\Backup\frmLoginDB.resx">
</Event><Event ErrorLevel="0" Project="RAID" Source="frmConfig.resx" Description="File successfully backed up as C:\Users\stuckman.de\Documents\RAID\Backup\frmConfig.resx">
</Event><Event ErrorLevel="0" Project="RAID" Source="Main.resx" Description="File successfully backed up as C:\Users\stuckman.de\Documents\RAID\Backup\Main.resx">
</Event><Event ErrorLevel="0" Project="RAID" Source="My Project\Resources.resx" Description="File successfully backed up as C:\Users\stuckman.de\Documents\RAID\Backup\My Project\Resources.resx">
</Event><Event ErrorLevel="1" Project="RAID" Source="RAID.vbproj" Description="Your project is targeting .NET Framework 2.0 or 3.0. If your project uses assemblies requiring a newer .NET Framework, your project will fail to build. You can change the .NET Framework version by clicking Properties on the project menu and then selecting a new version in the '.NET Framework' dropdown box. (In Visual Basic, this is located on the Compile tab by clicking the 'Advanced Compiler Options...' button.)">
</Event><Event ErrorLevel="0" Project="RAID" Source="RAID.vbproj" Description="Project converted successfully">
</Event><Event ErrorLevel="3" Project="RAID" Source="RAID.vbproj" Description="Converted">
</Event><Event ErrorLevel="0" Project="" Source="ROXY.sln" Description="Solution converted successfully">
</Event><Event ErrorLevel="3" Project="" Source="ROXY.sln" Description="Converted">
</Event><Event ErrorLevel="0" Project="RAID" Source="RAID.vbproj" Description="Scan complete: Upgrade not required for project files.">
</Event></UpgradeLog>